day_of_week,hour,mean_occupancy,mean_bikes,pct_hours_empty
0,0,0.3877202534815143,12.017255127101075,0.1620897521768252
0,1,0.387873922926872,12.02181609415367,0.1620897521768252
0,2,0.38798054521622893,12.025472044142507,0.1620897521768252
0,3,0.3880365949590353,12.027135893428595,0.1620897521768252
0,4,0.38237488783644685,11.852826779903136,0.16141995981245813
0,5,0.37234291170687295,11.557238855882526,0.15874079035498995
0,6,0.36198676888899006,11.305332702201422,0.17213663764233086
0,7,0.34236890163322614,10.67276397641679,0.20710455764075067
0,8,0.35665923612626016,11.107228876652856,0.25586068318821165
0,9,0.3611079174821899,11.306734892702742,0.2565304755525787
0,10,0.3595344709111317,11.284593929922128,0.2531815137307435
0,11,0.3543266750026956,11.113807315331092,0.22973878097789685
0,12,0.35967769028742247,11.269106817867701,0.2116543871399866
0,13,0.3627703455376025,11.393785332030477,0.20763563295378432
0,14,0.36380902432927,11.365820582632372,0.18888144675150703
0,15,0.3599936859074521,11.13508177652518,0.1707970529135968
0,16,0.34932131992103027,10.80569434658517,0.19089082384460818
0,17,0.3605413869635202,11.130531948515873,0.2103148024112525
0,18,0.3684225181600819,11.453615284023858,0.2116543871399866
0,19,0.37234297481010564,11.640746572025876,0.19892833221701273
0,20,0.3757051030022014,11.779426621975183,0.20696584058941728
0,21,0.37729254010677776,11.8558976280845,0.20763563295378432
0,22,0.3784460956817484,11.928316003784857,0.2116543871399866
0,23,0.3800127459542253,11.999222296643595,0.21835231078365708
1,0,0.38124951133411,12.037715689088763,0.2217012726054923
1,1,0.381293106773975,12.038847957133289,0.2217012726054923
1,2,0.3813160105933312,12.039350301406564,0.2217012726054923
1,3,0.3813217846654378,12.039517749497655,0.2217012726054923
1,4,0.3746513808492723,11.842608242022173,0.2156731413261889
1,5,0.3610017403980331,11.464772763516903,0.1855324849296718
1,6,0.34740897165598406,11.076890568685611,0.1781647689216343
1,7,0.31968223846288185,10.112925567028046,0.2016075016744809
1,8,0.3438023673650198,10.806306051617504,0.2926992632283992
1,9,0.3539164769793631,11.195083042655046,0.2913596784996651
1,10,0.3547191701337205,11.230917732476044,0.2774798927613941
1,11,0.3483135385589227,11.03857187830043,0.2640750670241287
1,12,0.3565754242077553,11.279993152513262,0.22587131367292226
1,13,0.3611238211345476,11.462274579382488,0.19571045576407506
1,14,0.3610528316957009,11.410620833961985,0.17560321715817695
1,15,0.3511121840724648,10.993320581340019,0.16420911528150134
1,16,0.33567748435239053,10.536289721226048,0.2037533512064343
1,17,0.3513023272796316,11.038364132516277,0.2386058981233244
1,18,0.36299105793019,11.465558084676717,0.23927613941018766
1,19,0.3686073257959421,11.67926229452704,0.2359249329758713
1,20,0.3715905000697684,11.815404693236463,0.24128686327077747
1,21,0.37165268768925935,11.873023948794726,0.24932975871313673
1,22,0.37471287527341524,12.002417245173785,0.2608987256874581
1,23,0.3767460528945564,12.079942981602942,0.266934942991281
2,0,0.37858713970383995,12.144476892633728,0.26742627345844505
2,1,0.37868723551310424,12.148027575641516,0.26742627345844505
2,2,0.37851427322907305,12.143178991136123,0.2672471533824514
2,3,0.3785197098554072,12.143335565974548,0.2672471533824514
2,4,0.37136807569441665,11.927190887924311,0.24715338245144006
2,5,0.3580483021154059,11.543038122107111,0.1955793703951775
2,6,0.3453702088139607,11.187838677657833,0.17280643000669793
2,7,0.3151410433672151,10.127534265243575,0.16008037508372405
2,8,0.3407442253869561,10.815345034886226,0.24112525117213665
2,9,0.3555715531820774,11.27925683009407,0.2592096450100469
2,10,0.35352268574347284,11.22923029935756,0.25452109845947757
2,11,0.3469815379052212,11.062780107070127,0.23710649698593436
2,12,0.35519929502815173,11.307605332823016,0.20964501004688546
2,13,0.36035485037159337,11.482463883887192,0.17615539182853315
2,14,0.3603226302029369,11.42433996940025,0.1507032819825854
2,15,0.3481036687515281,10.969944879857806,0.15941058271935699
2,16,0.3348976168404945,10.548233579697076,0.2016075016744809
2,17,0.34959059927871966,10.986179250161166,0.2491627595445412
2,18,0.3590908460040192,11.367657558263721,0.2565304755525787
2,19,0.3677402984455299,11.665814348634175,0.2578700602813128
2,20,0.37247864100738937,11.825757551594792,0.26858673811118555
2,21,0.3728827792928976,11.878548087322367,0.2833221701272606
2,22,0.3748224026072433,11.977718820585533,0.28667113194909577
2,23,0.37722550512550845,12.082553407000827,0.2913596784996651
3,0,0.3792105121362625,12.14378209421746,0.29470864032150035
3,1,0.37936675001483305,12.148550377954262,0.29470864032150035
3,2,0.3790568488505633,12.14060446592844,0.2915766738660907
3,3,0.3792630951570143,12.15496017378711,0.29109341057204924
3,4,0.3732681536046852,11.98098422415946,0.278059377262853
3,5,0.36022306676376914,11.59897119535063,0.22592324402606806
3,6,0.3502286964533606,11.296483101638673,0.1736613603473227
3,7,0.3185063312680686,10.211844689013887,0.13665943600867678
3,8,0.3435805878868424,10.873027993395693,0.20187454938716654
3,9,0.35941769469307283,11.383975653057865,0.20552799433026223
3,10,0.35639240173977715,11.305417376795646,0.19852448021462105
3,11,0.35062973792664603,11.121124448235708,0.19168900804289543
3,12,0.3567907655837344,11.306968281030572,0.174146014735432
3,13,0.3596230357075064,11.464176111898817,0.15941058271935699
3,14,0.36216177920053566,11.462973844269893,0.1507032819825854
3,15,0.3536619453577174,11.088536378037384,0.1346282652377763
3,16,0.3411930936800468,10.68622581184537,0.18955123911587407
3,17,0.3535403384617328,11.046159881273745,0.24313462826523777
3,18,0.3658398694389083,11.457988095479724,0.2478231748158071
3,19,0.37061629761777537,11.64264569433692,0.24313462826523777
3,20,0.3735321263019243,11.781744050397768,0.2531815137307435
3,21,0.3748594874391177,11.85229744580046,0.261219022103148
3,22,0.3758273039131842,11.937942988395099,0.2839919624916276
3,23,0.3787554853255389,12.064336963549957,0.28466175485599465
4,0,0.3811503219352864,12.13832408381973,0.29068988613529806
4,1,0.38144501427121047,12.145631996938093,0.29068988613529806
4,2,0.3816245006642947,12.152731233243967,0.29088471849865954
4,3,0.3816265951683162,12.152815013404826,0.29088471849865954
4,4,0.3762806608473556,11.998086040411778,0.2801608579088472
4,5,0.3652008023781257,11.695771362611175,0.22989276139410186
4,6,0.3574714942954476,11.488353106902034,0.18833780160857908
4,7,0.3393626686688836,10.931799757436487,0.14410187667560323
4,8,0.35213314553356856,11.183832024767012,0.1427613941018767
4,9,0.36149550307293454,11.396827331143685,0.15415549597855227
4,10,0.3597662157188771,11.292664388039722,0.16621983914209115
4,11,0.3543727641546466,11.072386034802255,0.16689008042895442
4,12,0.3586012280454297,11.188537761761621,0.1554959785522788
4,13,0.3618469917166111,11.270060428103324,0.1467828418230563
4,14,0.36234859075172926,11.26239792432023,0.12793034159410582
4,15,0.35808680421647454,11.070697067314615,0.14132618888144674
4,16,0.35505645041232187,10.935979979683932,0.17548559946416611
4,17,0.36437219242410845,11.194799540713806,0.2042866711319491
4,18,0.37334087392919363,11.445556609052927,0.20294708640321502
4,19,0.38163621432516204,11.683187873375415,0.19356999330207636
4,20,0.38576894267467493,11.79739793398534,0.19624916275954454
4,21,0.3854517506163993,11.805152834439506,0.19089082384460818
4,22,0.3855144633119282,11.851950009133533,0.18821165438714
4,23,0.3875138684724838,11.96271892690178,0.18352310783657066
5,0,0.39070254500164686,12.073249237180917,0.19156061620897522
5,1,0.3911420731285348,12.084824418715913,0.19156061620897522
5,2,0.39132854423405666,12.089704334513444,0.19156061620897522
5,3,0.39135166801806465,12.090421969189551,0.19156061620897522
5,4,0.39019657927988205,12.053799476924059,0.18620227729403885
5,5,0.38898062552385143,11.99356441169904,0.17950435365036838
5,6,0.3874178226524608,11.922083721146013,0.17749497655726726
5,7,0.38505449664884484,11.843215597753442,0.17481580709979908
5,8,0.38039451509497024,11.691572021042886,0.18352310783657066
5,9,0.3743726035781644,11.4557586679154,0.1942397856664434
5,10,0.3711197579345315,11.305354666171812,0.1982585398526457
5,11,0.3698843716015458,11.207971181531128,0.2042866711319491
5,12,0.36729905664083345,11.10805169192644,0.20629604822505024
5,13,0.3682877902586771,11.111992714437458,0.20830542531815138
5,14,0.3700697440307679,11.13876440222723,0.21500334896182183
5,15,0.3703198774751812,11.166091036670407,0.2143335565974548
5,16,0.3738555878011205,11.307906691061413,0.21098459477561957
5,17,0.37597828414084083,11.3793955969609,0.19691895512391158
5,18,0.3801561250494548,11.523431231267802,0.19758874748827862
5,19,0.3843908589374367,11.666177515273295,0.1955793703951775
5,20,0.3879958056742389,11.77814597027591,0.19691895512391158
5,21,0.3883591505114328,11.813937077593245,0.18833780160857908
5,22,0.38748966305815125,11.822307444360359,0.1855324849296718
5,23,0.3896984063347807,11.931383227548666,0.17280643000669793
6,0,0.3930829893593119,12.041539087168694,0.1768251841929002
6,1,0.3933686478289959,12.049660319586643,0.1768251841929002
6,2,0.3935212955792042,12.054497708884847,0.1768251841929002
6,3,0.39355691152238875,12.055592766242464,0.1768251841929002
6,4,0.3925456709676168,12.025543807610116,0.17347622237106497
6,5,0.3911335338719314,11.967532105090713,0.17213663764233086
6,6,0.39093691569869754,11.929886995493158,0.18955123911587407
6,7,0.38955732078758404,11.87960557155132,0.19758874748827862
6,8,0.3861503762974114,11.747729761493995,0.2156731413261889
6,9,0.3790105832954002,11.512575061687588,0.21701272605492297
6,10,0.37334476644420495,11.331685479810062,0.24313462826523777
6,11,0.37235392571124337,11.268584660111788,0.24380442062960483
6,12,0.3695753430008196,11.17180476180811,0.25184192900200936
6,13,0.3697452674921712,11.171486682923387,0.2565304755525787
6,14,0.37025205586894144,11.170307635729605,0.24380442062960483
6,15,0.37022074117850895,11.195069414845035,0.23978566644340255
6,16,0.37160910555308574,11.278507228055117,0.21232417950435364
6,17,0.3750098298430961,11.41379354254438,0.20897521768251842
6,18,0.37793530216453763,11.538539422548128,0.20361687876758205
6,19,0.3817390732145513,11.685412758336401,0.19290020093770932
6,20,0.3828454583658699,11.760097119892833,0.18821165438714
6,21,0.3826540184043661,11.798685520403538,0.17481580709979908
6,22,0.3843485229371328,11.878252286524223,0.16342933690555927
6,23,0.38586312553354996,11.957880716068928,0.16008037508372405
