date,mean_occupancy,pct_hours_empty,pct_hours_full,month
2026-04-01,0.3624376393934057,0.22355072463768116,0.06195652173913044,4
2026-04-02,0.3706672276565253,0.1891304347826087,0.05615942028985507,4
2026-04-03,0.37617373633647366,0.1532608695652174,0.05217391304347826,4
2026-04-04,0.38568232633047744,0.16666666666666666,0.057971014492753624,4
2026-04-05,0.38181102940123174,0.1681159420289855,0.059057971014492755,4
2026-04-06,0.3749014929683062,0.16594202898550725,0.042028985507246375,4
2026-04-07,0.3608474843577065,0.1956521739130435,0.04565217391304348,4
2026-04-08,0.3416521309311963,0.2597826086956522,0.06340579710144928,4
2026-04-09,0.3517470704743416,0.26231884057971017,0.07753623188405798,4
2026-04-10,0.3638712268081327,0.21231884057971015,0.05507246376811594,4
2026-04-11,0.3766991496666858,0.2072463768115942,0.059420289855072465,4
2026-04-12,0.37627643585884474,0.21920289855072464,0.07427536231884058,4
2026-04-13,0.36102571619949836,0.19818840579710145,0.043478260869565216,4
2026-04-14,0.3617821581518068,0.20181159420289854,0.05036231884057971,4
2026-04-15,0.36311484567545904,0.2217391304347826,0.05543478260869565,4
2026-04-16,0.36995596239552625,0.22427536231884057,0.06521739130434782,4
2026-04-17,0.3794781645582853,0.16231884057971013,0.0572463768115942,4
2026-04-18,0.38510458566635936,0.12934782608695652,0.051086956521739134,4
2026-04-19,0.3859505661274907,0.1460144927536232,0.06304347826086956,4
2026-04-20,0.3652942750462362,0.188768115942029,0.05398550724637681,4
2026-04-21,0.3631288192827818,0.2492753623188406,0.06123188405797102,4
2026-04-22,0.36362542018183214,0.24130434782608695,0.06920289855072463,4
2026-04-23,0.360935092171891,0.2076086956521739,0.05579710144927536,4
2026-04-24,0.37043183477882574,0.188768115942029,0.06340579710144928,4
2026-04-25,0.3819129420981328,0.21231884057971015,0.09782608695652174,4
2026-04-26,0.3870529071620715,0.21594202898550724,0.09130434782608696,4
2026-04-27,0.3716407367211233,0.213768115942029,0.06956521739130435,4
2026-04-28,0.35572955314353116,0.2543478260869565,0.057608695652173914,4
2026-04-29,0.35160309406897194,0.2467391304347826,0.06485507246376812,4
2026-04-30,0.35975831232209343,0.2510869565217391,0.06485507246376812,4
2026-05-01,0.36704654084713256,0.20615942028985507,0.06666666666666667,5
2026-05-02,0.3779708635410525,0.18478260869565216,0.09710144927536232,5
2026-05-03,0.3803937012580124,0.17173913043478262,0.10036231884057971,5
2026-05-04,0.3828663292328204,0.188768115942029,0.09057971014492754,5
2026-05-05,0.36272236963147925,0.22246376811594204,0.057608695652173914,5
2026-05-06,0.35690231599480937,0.21159420289855072,0.05,5
2026-05-07,0.3594277792837731,0.23659420289855074,0.06268115942028986,5
2026-05-08,0.3669129769708181,0.2257246376811594,0.060144927536231886,5
2026-05-09,0.3773260003973569,0.21920289855072464,0.0782608695652174,5
2026-05-10,0.38167827456199616,0.22644927536231885,0.08731884057971015,5
2026-05-11,0.36099129709317057,0.1858695652173913,0.04673913043478261,5
2026-05-12,0.3559211599842573,0.23876811594202899,0.06340579710144928,5
2026-05-13,0.358128466971756,0.23478260869565218,0.05471014492753623,5
2026-05-14,0.3654381173090764,0.22355072463768116,0.05253623188405797,5
2026-05-15,0.3740375992941092,0.20978260869565218,0.0641304347826087,5
2026-05-16,0.3912376857035501,0.2141304347826087,0.10905797101449276,5
2026-05-17,0.3926077822596061,0.21268115942028987,0.10398550724637681,5
2026-05-18,0.36729078167556517,0.1956521739130435,0.05398550724637681,5
2026-05-19,0.36426192626172815,0.22480058013052936,0.05547498187092096,5
2026-05-20,0.3599185204903513,0.2378535170413343,0.05873821609862219,5
2026-05-21,0.3658865160789139,0.2072463768115942,0.05,5
2026-05-22,0.3715339874277398,0.19738751814223512,0.057329462989840346,5
2026-05-23,0.3757932001498075,0.18478260869565216,0.07789855072463768,5
2026-05-24,0.37835141552969737,0.20398550724637682,0.09565217391304348,5
2026-05-25,0.36749279048275957,0.19492753623188405,0.059782608695652176,5
2026-05-26,0.3702591582829883,0.21123188405797103,0.057608695652173914,5
2026-05-27,0.3669637180025849,0.21702898550724636,0.06666666666666667,5
2026-05-28,0.3544660845322431,0.2177536231884058,0.05615942028985507,5
2026-05-29,0.3600307995074826,0.21304347826086956,0.057971014492753624,5
2026-05-30,0.3775348630299401,0.23333333333333334,0.12934782608695652,5
2026-05-31,0.37406391467670275,0.2710144927536232,0.15181159420289855,5
2026-06-01,0.3804579220541743,0.2677536231884058,0.11739130434782609,6
2026-06-02,0.36292303047950275,0.2619565217391304,0.07681159420289856,6
2026-06-03,0.36067483847858745,0.24166666666666667,0.04891304347826087,6
2026-06-04,0.370187569949727,0.27568134171907754,0.06708595387840671,6
2026-06-05,0.3667310369191853,0.21148255813953487,0.06322674418604651,6
2026-06-06,0.3806533122568517,0.1782608695652174,0.0644927536231884,6
2026-06-07,0.37992332318847893,0.16920289855072465,0.08152173913043478,6
2026-06-08,0.35775247891849904,0.20797101449275363,0.057608695652173914,6
2026-06-09,0.35740583239358986,0.25217391304347825,0.06485507246376812,6
2026-06-10,0.3640802939684181,0.2467391304347826,0.06521739130434782,6
2026-06-11,0.36397472573633266,0.22282608695652173,0.057971014492753624,6
2026-06-12,0.36126025552556956,0.2141304347826087,0.05036231884057971,6
2026-06-13,0.37403989451209013,0.17065217391304346,0.08152173913043478,6
2026-06-14,0.37809034505186434,0.19927536231884058,0.09420289855072464,6
2026-06-15,0.36516350991424334,0.20507246376811594,0.06195652173913044,6
2026-06-16,0.3563060515520547,0.22796795338674436,0.06846321922796796,6
2026-06-17,0.36120325477230386,0.2459795321637427,0.0807748538011696,6
2026-06-18,0.3619489664991833,0.22587719298245615,0.07309941520467836,6
2026-06-19,0.3715487215364572,0.19736842105263158,0.059576023391812866,6
2026-06-20,0.3915155480156362,0.22778793418647167,0.11042047531992688,6
2026-06-21,0.38887642174916903,0.23355263157894737,0.12719298245614036,6
2026-06-22,0.3765896567057872,0.19042397660818713,0.0804093567251462,6
2026-06-23,0.36719971609156904,0.21052631578947367,0.07054093567251463,6
2026-06-24,0.3663750886949465,0.21966374269005848,0.0625,6
2026-06-25,0.3594639390305113,0.2013888888888889,0.046052631578947366,6
2026-06-26,0.3655088416624445,0.17690058479532164,0.055190058479532164,6
2026-06-27,0.38405676601619254,0.1922514619883041,0.07419590643274854,6
2026-06-28,0.38226301081835173,0.19334795321637427,0.08442982456140351,6
2026-06-29,0.3626563562476059,0.1850091407678245,0.05813528336380256,6
2026-06-30,0.358748424041183,0.22295321637426901,0.06798245614035088,6
