station_id,name,lat,lon,capacity,mean_occupancy,pct_hours_empty,pct_hours_full,volatility,am_occ,pm_occ,role
1,CLARENDON ROW,53.340927,-6.262501,31.0,0.4076996018654285,0.2113970588235294,0.058823529411764705,0.30949860893543196,0.5918619761361698,0.2963650954779987,Commuter destination (fills in AM)
10,DAME STREET,53.344006,-6.266802,16.0,0.7099913443527075,0.050528249885163065,0.3968764354616445,0.26873847755232094,0.6494565847221287,0.7183005969724721,Balanced
100,HEUSTON BRIDGE (SOUTH),53.347107,-6.292041,25.0,0.7039082650111589,0.07395498392282958,0.42443729903536975,0.3287531482609157,0.1776567899573081,0.9309769563769563,Commuter origin (fills in PM)
101,KING STREET NORTH,53.350292,-6.273507,30.0,0.285793262480217,0.17179604960955444,0.011483693155718878,0.21806730485770137,0.14857254339025172,0.24611887186887188,Commuter origin (fills in PM)
102,WESTERN WAY,53.35493,-6.269425,40.0,0.1488317214735451,0.38677078548461186,0.0,0.1442782846554046,0.12829947326708985,0.17282730463980464,Balanced
103,GRANGEGORMAN LOWER (SOUTH),53.354664,-6.278681,40.0,0.14161694744185552,0.39568014705882354,0.0,0.14833152464658364,0.16016668733465608,0.12298395354645354,Balanced
104,GRANGEGORMAN LOWER (CENTRAL),53.35517,-6.278424,40.0,0.14468475066631933,0.48507119889756545,0.0,0.1628615356539071,0.12058609250992064,0.17433524808524808,Balanced
105,GRANGEGORMAN LOWER (NORTH),53.355953,-6.278378,36.0,0.10028282909333766,0.5206801470588235,0.0,0.12996067331134634,0.06788125551146384,0.10646261531678199,Balanced
106,RATHDOWN ROAD,53.35893,-6.280337,40.0,0.27517412750445597,0.1773082223242995,0.0,0.18416720380448265,0.2099519061824761,0.34583600427350425,Commuter origin (fills in PM)
107,CHARLEVILLE ROAD,53.359158,-6.281866,40.0,0.29927202375152534,0.14699127239320164,0.0,0.19530048008638792,0.15033156789957308,0.39117124542124543,Commuter origin (fills in PM)
108,AVONDALE ROAD,53.359406,-6.276142,35.0,0.25383905446405447,0.22802197802197802,0.0,0.18797821651289315,0.17025555396983968,0.30091012955298674,Commuter origin (fills in PM)
109,BUCKINGHAM STREET LOWER,53.353333,-6.249319,29.0,0.5657194414305691,0.04181985294117647,0.13189338235294118,0.27961012531208645,0.45855628845930574,0.49221619855240545,Balanced
11,EARLSFORT TERRACE,53.334293,-6.258503,30.0,0.19320388485255213,0.48253676470588236,0.0078125,0.23652547392227957,0.4695709325396826,0.07060894198394198,Commuter destination (fills in AM)
110,PHIBSBOROUGH ROAD,53.356308,-6.273717,40.0,0.24001649600208397,0.1864951768488746,0.0,0.16925554197417936,0.16399387098221296,0.28646516677766676,Commuter origin (fills in PM)
111,MOUNTJOY SQUARE EAST,53.356716,-6.256359,40.0,0.10841811880313261,0.38443830570902393,0.0,0.10347323735119618,0.04579955526244589,0.11876757617382618,Balanced
112,NORTH CIRCULAR ROAD (O'CONNELL'S),53.35784,-6.251557,30.0,0.4567346700687683,0.1413492427719137,0.13584212941716384,0.32644938990814576,0.20294383451599946,0.41107064232064233,Commuter origin (fills in PM)
113,MERRION SQUARE SOUTH,53.338615,-6.248606,40.0,0.16945115960683516,0.3851102941176471,0.024356617647058824,0.19708374489591093,0.25866234423851614,0.18941257006882006,Balanced
114,WILTON TERRACE (PARK),53.333652,-6.248345,40.0,0.22868228266655002,0.5052824988516307,0.044097381717960495,0.3181637472795782,0.7215252029921719,0.03074140096015096,Commuter destination (fills in AM)
115,KILLARNEY STREET,53.354843,-6.247579,30.0,0.591381000856437,0.10743801652892562,0.26859504132231404,0.3463467163031003,0.25818033055146455,0.6081307165057165,Commuter origin (fills in PM)
116,BROADSTONE,53.3547,-6.272314,30.0,0.1830465627696786,0.4085477941176471,0.0,0.18884683015635476,0.09884557379349046,0.2474810421060421,Commuter origin (fills in PM)
117,HANOVER QUAY EAST,53.343655,-6.231755,40.0,0.21005875746368624,0.46829044117647056,0.03676470588235294,0.28788918053939877,0.5611404267751924,0.06643330974580976,Commuter destination (fills in AM)
12,ECCLES STREET,53.359245,-6.269779,20.0,0.1362815938401876,0.5675551470588235,0.0,0.14127006882208423,0.07506705823112074,0.1519795412920413,Balanced
13,FITZWILLIAM SQUARE WEST,53.336075,-6.252825,30.0,0.17570951991907874,0.37545955882352944,0.021139705882352942,0.16983835144603643,0.31279900943963446,0.12198179598179598,Commuter destination (fills in AM)
14,FOWNES STREET UPPER,53.344604,-6.263371,30.0,0.6623029941782813,0.04777216352779054,0.21267799724391365,0.2773653600337557,0.6400485361884326,0.7085134356384356,Balanced
15,HARDWICKE STREET,53.355473,-6.264423,16.0,0.19014670839334788,0.5059742647058824,0.003676470588235294,0.18672181026919327,0.12100716756478475,0.13920195256132756,Balanced
16,GEORGES QUAY,53.347507,-6.252192,20.0,0.5672966949563917,0.0739889705882353,0.14613970588235295,0.2849534805241866,0.3860361426767677,0.6858760128760129,Commuter origin (fills in PM)
17,GOLDEN LANE,53.3408,-6.267732,20.0,0.33348625536154247,0.2898484152503445,0.03904455672944419,0.2793704219461334,0.35302442204785955,0.22600574425574427,Commuter destination (fills in AM)
18,GRANTHAM STREET,53.334126,-6.2656674,30.0,0.319897271250672,0.16176470588235295,0.03814338235294118,0.26005499944659777,0.29235087732483567,0.2524934556184556,Balanced
19,HERBERT PLACE,53.3347,-6.245139,30.0,0.2877153968541199,0.3504823151125402,0.06844281120808451,0.31571798975602816,0.7209452843261133,0.09854874292374292,Commuter destination (fills in AM)
2,BLESSINGTON STREET,53.35677,-6.26814,20.0,0.2443424553770372,0.3929227941176471,0.02022058823529412,0.2367737167080109,0.14115863809223184,0.21183697552447553,Balanced
20,JAMES STREET EAST,53.336487,-6.248174,30.0,0.23656203358868802,0.48391544117647056,0.02665441176470588,0.2967100657085966,0.7271105023448774,0.07102823102823103,Commuter destination (fills in AM)
21,LEINSTER STREET SOUTH,53.342144,-6.2541847,30.0,0.4668761627125598,0.15027573529411764,0.058823529411764705,0.29685732368334117,0.6401231937429854,0.5252788045288046,Commuter destination (fills in AM)
22,TOWNSEND STREET,53.34592,-6.254614,20.0,0.6036413131777332,0.04549632352941176,0.1484375,0.25835365851291453,0.47261587226430973,0.7195799755799756,Commuter origin (fills in PM)
23,CUSTOM HOUSE,53.34828,-6.254358,30.0,0.6095032288483575,0.03676470588235294,0.1332720588235294,0.27052935294387725,0.39666307168911336,0.7673518379768379,Commuter origin (fills in PM)
24,CATHAL BRUGHA STREET,53.352215,-6.260328,20.0,0.6115230794022155,0.06709558823529412,0.22012867647058823,0.28896018443127786,0.5392855545785233,0.5838030372405373,Balanced
25,MERRION SQUARE EAST,53.33907,-6.247006,30.0,0.2513702324364089,0.4149816176470588,0.04733455882352941,0.2848833753446217,0.553874402507215,0.17992257279757282,Commuter destination (fills in AM)
26,MERRION SQUARE WEST,53.34007,-6.251716,20.0,0.46022352016090523,0.24586397058823528,0.1567095588235294,0.3331838224825959,0.5816113610058923,0.4993553599178599,Commuter destination (fills in AM)
27,MOLESWORTH STREET,53.341236,-6.2575936,20.0,0.4035981009306697,0.30412844036697245,0.12201834862385322,0.33713879344844,0.7271837884337884,0.2587285839160839,Commuter destination (fills in AM)
28,MOUNTJOY SQUARE WEST,53.3563,-6.258586,30.0,0.32912219511208946,0.18465778594395957,0.016536518144235186,0.24885744677855864,0.2267769603261831,0.32019812132312137,Commuter origin (fills in PM)
29,ORMOND QUAY UPPER,53.346107,-6.268345,29.0,0.6234480765758498,0.05238970588235294,0.20909926470588236,0.3074484368200122,0.3840758454309101,0.5752186606496951,Commuter origin (fills in PM)
3,BOLTON STREET,53.35118,-6.269859,20.0,0.4307570951989877,0.1322921451538815,0.06982085438677078,0.27746582417811816,0.41020440339740855,0.3471066156066156,Balanced
30,PARNELL SQUARE NORTH,53.35374,-6.265301,20.0,0.1080679753646621,0.6971522453450164,0.02135815991237678,0.1561026027615135,0.12988854595336075,0.09993680188124632,Balanced
31,PARNELL STREET,53.35093,-6.265125,20.0,0.5988625819646041,0.05514705882352941,0.1948529411764706,0.28195319982620604,0.45085252637987017,0.5618509129759129,Commuter origin (fills in PM)
32,PEARSE STREET,53.344303,-6.2504272,30.0,0.4851706971456512,0.06939338235294118,0.04779411764705882,0.25767760107239107,0.48649629354056434,0.6350839392089392,Commuter origin (fills in PM)
33,PRINCES STREET / O'CONNELL STREET,53.349014,-6.260311,23.0,0.6563002252325502,0.022518382352941176,0.22794117647058823,0.25963089249011206,0.5617901158322354,0.8072048844874933,Commuter origin (fills in PM)
34,LENNOX STREET,53.331383,-6.265023,40.0,0.3635797405779032,0.1024345429490124,0.028020211299954065,0.27232077758604756,0.24643298267650598,0.39772455322455325,Commuter origin (fills in PM)
35,SMITHFIELD,53.34769,-6.278214,30.0,0.5870864280055457,0.03400735294117647,0.15165441176470587,0.2836047584689774,0.44597950612273524,0.4757548238798239,Balanced
36,ST. STEPHEN'S GREEN EAST,53.337635,-6.256218,40.0,0.3000338315368761,0.2348345588235294,0.011029411764705883,0.255318568680032,0.4755944771374459,0.2090318951881452,Commuter destination (fills in AM)
37,ST. STEPHEN'S GREEN SOUTH,53.337494,-6.26199,30.0,0.22424168538943356,0.4117647058823529,0.010569852941176471,0.2467762951246922,0.29521008071789323,0.16460727698227698,Commuter destination (fills in AM)
38,TALBOT STREET,53.350998,-6.252661,40.0,0.59849660395645,0.01838235294117647,0.09099264705882353,0.2514827013927576,0.4535894285113035,0.6240170454545455,Commuter origin (fills in PM)
39,WILTON TERRACE,53.332382,-6.252717,20.0,0.20086666504271006,0.4313275149288011,0.0078089113458888375,0.1958371552151881,0.2000269628184136,0.16604527417027418,Balanced
4,GREEK STREET,53.346874,-6.272976,20.0,0.45959834940131356,0.09926470588235294,0.06204044117647059,0.26565532933203967,0.5461731432629869,0.3893876401376401,Commuter destination (fills in AM)
40,JERVIS STREET,53.3483,-6.266651,21.0,0.5363711448910372,0.10891544117647059,0.1948529411764706,0.31155809664096323,0.5216559103649877,0.4842788891003177,Balanced
41,HARCOURT TERRACE,53.332417,-6.2578697,20.0,0.3037247972105509,0.2913602941176471,0.0546875,0.2744567231240261,0.2757635506854257,0.2961883463758464,Balanced
42,SMITHFIELD NORTH,53.349564,-6.2781982,30.0,0.6680290916871799,0.03170955882352941,0.2522977941176471,0.28584777287611224,0.4204285100509059,0.6691983664483665,Commuter origin (fills in PM)
43,PORTOBELLO ROAD,53.33009,-6.268044,30.0,0.4275550510242747,0.09646302250803858,0.05787781350482315,0.27535623676063414,0.27004138348697937,0.4741560754060754,Commuter origin (fills in PM)
44,UPPER SHERRARD STREET,53.358593,-6.2602983,30.0,0.23747663735611393,0.3122130394857668,0.016069788797061526,0.23231185770632867,0.125131959010825,0.24408653383653384,Commuter origin (fills in PM)
45,DEVERELL PLACE,53.351463,-6.255265,30.0,0.48663574025181167,0.07463369963369963,0.11996336996336997,0.2981223551223768,0.32472740839407505,0.4586187238687239,Commuter origin (fills in PM)
47,HERBERT STREET,53.335743,-6.24551,40.0,0.17100085470978166,0.5004595588235294,0.003216911764705882,0.2267310934359959,0.319501675986051,0.13436983502608502,Commuter destination (fills in AM)
48,EXCISE WALK,53.34778,-6.244239,40.0,0.34444081870437565,0.07674632352941177,0.0059742647058823525,0.22574156372169996,0.27661288761874697,0.4172614607614608,Commuter origin (fills in PM)
49,GUILD STREET,53.34793,-6.240928,40.0,0.33058931994909707,0.1254595588235294,0.011488970588235295,0.24490926177063532,0.11163369652627465,0.450062166999667,Commuter origin (fills in PM)
5,CHARLEMONT PLACE,53.330704,-6.260004,40.0,0.5100340550329067,0.045475424896646764,0.0840606338998622,0.3061918924300216,0.2496956379113115,0.7679356025918526,Commuter origin (fills in PM)
50,GEORGES LANE,53.35023,-6.279696,40.0,0.3961660654436964,0.07950367647058823,0.06112132352941176,0.2781771555424036,0.2558449402882997,0.34482138347763347,Commuter origin (fills in PM)
51,YORK STREET WEST,53.339333,-6.264699,40.0,0.18051911661918554,0.24494485294117646,0.06847426470588236,0.14228871328687553,0.1474734651199495,0.17380704365079366,Balanced
52,YORK STREET EAST,53.338757,-6.262003,32.0,0.375194817214291,0.19071691176470587,0.04136029411764706,0.28572789583979613,0.46527543501420454,0.274800009018759,Commuter destination (fills in AM)
53,NEWMAN HOUSE,53.33713,-6.26059,40.0,0.15565479630535928,0.39246323529411764,0.0,0.181450892370398,0.33360089454816017,0.13725366647241646,Commuter destination (fills in AM)
54,CLONMEL STREET,53.33602,-6.26298,33.0,0.2511185918783262,0.24448529411764705,0.01884191176470588,0.24354758011642444,0.3203901102930459,0.11705213137031319,Commuter destination (fills in AM)
55,HATCH STREET,53.33403,-6.260714,36.0,0.1809699837426553,0.41222426470588236,0.002297794117647059,0.22416966908826802,0.4770426810682887,0.04620622047705381,Commuter destination (fills in AM)
56,MOUNT STREET LOWER,53.337986,-6.241539,40.0,0.23357470035836303,0.203125,0.003216911764705882,0.22033311799086755,0.446098400297619,0.1281515567765568,Commuter destination (fills in AM)
57,GRATTAN STREET,53.33963,-6.243778,23.0,0.2726723485425132,0.1953125,0.019761029411764705,0.20931155104442573,0.31301093230441057,0.24516941391941394,Balanced
58,SIR PATRICK DUN'S,53.33922,-6.240642,40.0,0.47488559101415095,0.07808911345888837,0.04180064308681672,0.2802700803216403,0.5973871486889621,0.465704097985348,Commuter destination (fills in AM)
59,DENMARK STREET GREAT,53.35561,-6.261397,20.0,0.1557861820172165,0.5659770114942528,0.003218390804597701,0.16959640527377626,0.2354351927008177,0.11484203296703296,Commuter destination (fills in AM)
6,CHRISTCHURCH PLACE,53.34337,-6.27012,20.0,0.33873023197896296,0.3271804337794186,0.06137517305029996,0.3032462885434166,0.21024898455454014,0.22237586025086026,Balanced
60,NORTH CIRCULAR ROAD,53.359623,-6.260348,30.0,0.41626140664593375,0.13269054178145087,0.05463728191000918,0.2870377900583616,0.23297485780733201,0.48987295112295115,Commuter origin (fills in PM)
61,HARDWICKE PLACE,53.357044,-6.263232,25.0,0.09151934391180715,0.71875,0.0,0.13443827961772117,0.1045010597041847,0.06521892551892552,Balanced
62,LIME STREET,53.346027,-6.243576,40.0,0.2195034646789587,0.22977941176470587,0.006433823529411764,0.223591053552486,0.461781439769721,0.13675611888111888,Commuter destination (fills in AM)
63,FENIAN STREET,53.341427,-6.24672,35.0,0.4534216944353499,0.03262867647058824,0.010569852941176471,0.21384992662978416,0.5099191532673676,0.4630080792223649,Balanced
64,SANDWITH STREET,53.345203,-6.247163,40.0,0.3412170860928911,0.04139834406623735,0.011959521619135235,0.2016707364593873,0.25102177842412216,0.39507386016761015,Commuter origin (fills in PM)
65,CONVENTION CENTRE,53.34744,-6.238523,40.0,0.2172228721033868,0.26746323529411764,0.006893382352941176,0.23157000031038133,0.5874747192911255,0.06908565046065046,Commuter destination (fills in AM)
66,NEW CENTRAL BANK,53.347122,-6.234749,40.0,0.3485579410504732,0.07858455882352941,0.002297794117647059,0.21748819374838738,0.43242012291816984,0.17922509781884782,Commuter destination (fills in AM)
67,THE POINT,53.346867,-6.230852,40.0,0.3843773118859286,0.06479779411764706,0.01608455882352941,0.23272773210936804,0.4532469646239177,0.32557798451548453,Commuter destination (fills in AM)
68,HANOVER QUAY,53.344116,-6.237153,40.0,0.3698392874550388,0.11994485294117647,0.019761029411764705,0.2837046727359269,0.622709291576479,0.1839044531857032,Commuter destination (fills in AM)
69,GRAND CANAL DOCK,53.342636,-6.238695,40.0,0.42291315734615,0.12632062471290767,0.0266421681212678,0.3004712960843651,0.6857403978400072,0.31696990162615163,Commuter destination (fills in AM)
7,HIGH STREET,53.34342,-6.2744136,29.0,0.32126349126808473,0.20303169499310977,0.01515847496554892,0.23618367756144246,0.12799107618207134,0.3400539163901233,Commuter origin (fills in PM)
70,BARROW STREET,53.33831,-6.236779,21.0,0.6557817970942725,0.04178145087235996,0.22497704315886133,0.26946336868067,0.5093744626128046,0.7852077948506521,Commuter origin (fills in PM)
71,KEVIN STREET,53.337757,-6.2676992,40.0,0.1934691071030685,0.21691176470588236,0.008272058823529412,0.17861524175305304,0.13691968513257577,0.16454086538461538,Balanced
72,JOHN STREET WEST,53.343105,-6.277167,31.0,0.31078364737268316,0.15716911764705882,0.008731617647058824,0.2163722646225269,0.14486409554453908,0.2653867503464278,Commuter origin (fills in PM)
73,FRANCIS STREET,53.34208,-6.275233,30.0,0.25311185261667796,0.2426470588235294,0.008731617647058824,0.21486665866262541,0.05308927569344236,0.2659278961778962,Commuter origin (fills in PM)
74,OLIVER BOND STREET,53.34389,-6.280531,30.0,0.4057033240071825,0.10610932475884244,0.04180064308681672,0.2681602080482761,0.2018467537477954,0.4134965451215451,Commuter origin (fills in PM)
75,JAMES STREET,53.343456,-6.287409,40.0,0.3720967997165722,0.08639705882352941,0.007352941176470588,0.23117199190098106,0.2437107871873497,0.40094336913086914,Commuter origin (fills in PM)
76,MARKET STREET SOUTH,53.342297,-6.287661,38.0,0.27096980226999096,0.21231617647058823,0.001838235294117647,0.22157002608780157,0.08277140630142275,0.29902478369583635,Commuter origin (fills in PM)
77,WOLFE TONE STREET,53.348873,-6.267459,29.0,0.577969051959211,0.027113970588235295,0.17738970588235295,0.29058182080896666,0.38469793895440446,0.4805461827444586,Commuter origin (fills in PM)
78,MATER HOSPITAL,53.359966,-6.264828,40.0,0.16123399087381166,0.28768382352941174,0.0,0.1513423012621176,0.10819485780423281,0.1449634670884671,Balanced
79,ECCLES STREET EAST,53.358116,-6.265601,27.0,0.09547803242017906,0.6856617647058824,0.0,0.14924474225168446,0.28246135990638305,0.05123281553837109,Commuter destination (fills in AM)
8,CUSTOM HOUSE QUAY,53.347885,-6.248048,30.0,0.4783294865452494,0.09512867647058823,0.04963235294117647,0.280165134444724,0.25371408153960234,0.7143588124838125,Commuter origin (fills in PM)
80,ST JAMES HOSPITAL (LUAS),53.34136,-6.292951,40.0,0.3278504086293608,0.1208639705882353,0.0,0.19893073781855306,0.3385518409541847,0.2818249458874459,Balanced
82,MOUNT BROWN,53.341644,-6.29719,22.0,0.35539938305316016,0.14745062011943041,0.03628847037207166,0.24548624691592297,0.22532504915924603,0.3485119804437986,Commuter origin (fills in PM)
83,EMMET ROAD,53.340714,-6.308191,40.0,0.5184204650728662,0.04779411764705882,0.03768382352941176,0.2497396077085972,0.3579576174693362,0.5570296855921856,Commuter origin (fills in PM)
84,BROOKFIELD ROAD,53.339005,-6.300217,30.0,0.5015791586832102,0.02716390423572744,0.034530386740331494,0.23315529417687567,0.35514867173721343,0.53224111999112,Commuter origin (fills in PM)
85,ROTHE ABBEY,53.338776,-6.30395,35.0,0.48223450664669537,0.05688073394495413,0.029357798165137616,0.2383307056044515,0.3345469609755324,0.5302216315430601,Commuter origin (fills in PM)
86,PARKGATE STREET,53.347973,-6.291804,38.0,0.6680005106654527,0.08957280661460726,0.2912264584290308,0.3388116332589953,0.27862814812978437,0.7777748457682668,Commuter origin (fills in PM)
87,COLLINS BARRACKS MUSEUM,53.347477,-6.28525,38.0,0.5460247277831835,0.0707395498392283,0.10381258612769867,0.2952978797999077,0.43749280860338946,0.47272568805463544,Balanced
88,BLACKHALL PLACE,53.3488,-6.281637,30.0,0.6125797231771496,0.057904411764705885,0.22150735294117646,0.30766519249039925,0.42773826433982687,0.5733593073593074,Commuter origin (fills in PM)
89,FITZWILLIAM SQUARE EAST,53.335213,-6.2509,40.0,0.0818433286548521,0.5404411764705882,0.021139705882352942,0.09715347632942838,0.1615933986441799,0.051028814935064934,Commuter destination (fills in AM)
9,EXCHEQUER STREET,53.343033,-6.263578,24.0,0.5024813551525408,0.15487132352941177,0.13832720588235295,0.3203068291130773,0.5717707440851972,0.5033693794631294,Balanced
90,BENSON STREET,53.344154,-6.233451,40.0,0.2847947363619778,0.22206896551724137,0.022068965517241378,0.2800669436180929,0.7417141544464843,0.06554560717060717,Commuter destination (fills in AM)
91,SOUTH DOCK ROAD,53.34183,-6.231291,30.0,0.6256248679238109,0.04595588235294118,0.20909926470588236,0.30707520526694365,0.25235212993025496,0.6877361527361527,Commuter origin (fills in PM)
92,HEUSTON BRIDGE (NORTH),53.3478,-6.292432,40.0,0.7110231465186679,0.0633899862195682,0.3899862195682131,0.3284483765839827,0.39364443846309133,0.8541803543678543,Commuter origin (fills in PM)
93,HEUSTON STATION (CENTRAL),53.346603,-6.296924,40.0,0.6013834792905762,0.15663757464400552,0.2356453835553514,0.35086089263703235,0.15806867714898803,0.7957331626706626,Commuter origin (fills in PM)
94,HEUSTON STATION (CAR PARK),53.346985,-6.297804,40.0,0.46865678364788377,0.08727606798346348,0.08451998162609095,0.2882279449505445,0.36579320219216593,0.5294776091963591,Commuter origin (fills in PM)
95,ROYAL HOSPITAL,53.3439,-6.29706,40.0,0.3749518603014122,0.08318014705882353,0.015625,0.2395074840880084,0.24952259293079607,0.4345958624708625,Commuter origin (fills in PM)
96,KILMAINHAM LANE,53.341805,-6.305085,30.0,0.2886043149898848,0.12316176470588236,0.0,0.20044301424670857,0.23953407462522047,0.31557498982498977,Balanced
97,KILMAINHAM GAOL,53.342113,-6.310015,40.0,0.423351485237646,0.04075091575091575,0.00641025641025641,0.22229819243345988,0.29752313889813886,0.4757364614552114,Commuter origin (fills in PM)
98,FREDERICK STREET SOUTH,53.341515,-6.256853,40.0,0.4212009617412306,0.16314338235294118,0.06801470588235294,0.30749234951239734,0.5083342915764791,0.3127646450771451,Commuter destination (fills in AM)
99,CITY QUAY,53.346638,-6.246154,30.0,0.28900869304476845,0.3249080882352941,0.015625,0.26631824423172745,0.49360061427769764,0.25795672845672846,Commuter destination (fills in AM)
